session_date,completed_symbol_days,represented_symbol_hours
2026-03-09,47,752
2026-03-10,54,864
2026-03-11,40,640
2026-03-12,48,768
2026-03-13,38,608
2026-03-16,32,512
2026-03-17,35,560
2026-03-18,33,528
2026-03-19,36,576
2026-03-20,24,384
2026-03-23,58,928
2026-03-24,30,480
2026-03-25,37,592
2026-03-26,29,464
2026-03-27,31,496
2026-03-30,29,464
2026-03-31,33,528
2026-04-01,19,304
2026-04-02,27,432
2026-04-06,39,624
2026-04-07,31,496
2026-04-08,36,576
2026-04-09,39,624
2026-04-10,41,656
2026-04-13,37,592
2026-04-14,30,480
2026-04-15,37,592
2026-04-16,42,672
2026-04-17,32,512
2026-04-20,41,656
2026-04-21,42,672
2026-04-22,51,816
2026-04-23,30,480
2026-04-24,29,464
2026-04-27,44,704
2026-04-28,34,544
2026-04-29,32,512
2026-04-30,35,560
2026-05-01,33,528
2026-05-04,33,528
2026-05-05,45,720
2026-05-06,46,736
2026-05-07,51,816
2026-05-08,32,512
2026-05-11,47,752
2026-05-12,45,720
2026-05-13,36,576
2026-05-14,33,528
2026-05-15,40,640
2026-05-18,37,592
2026-05-19,41,656
2026-05-20,49,784
2026-05-21,45,720
2026-05-22,34,544
2026-05-26,48,768
2026-05-27,50,800
2026-05-28,49,784
2026-05-29,46,736
2026-06-01,59,944
2026-06-02,59,944
2026-06-03,52,832
2026-06-04,57,912
2026-06-05,59,944
2026-06-08,76,1216
2026-06-09,71,1136
2026-06-10,66,1056
2026-06-11,72,1152
2026-06-12,43,688
2026-06-15,56,896
2026-06-16,59,944
2026-06-17,54,864
2026-06-18,45,720
2026-06-22,41,656
2026-06-23,56,896
2026-06-24,48,768
2026-06-25,39,624
2026-06-26,32,512
2026-06-29,51,816
2026-06-30,43,688
2026-07-01,43,688
2026-07-02,46,736
2026-07-06,46,736
2026-07-07,47,752
2026-07-08,34,544
2026-07-09,38,608
2026-07-10,33,528
2026-07-13,42,672
2026-07-14,48,768
2026-07-15,33,528
2026-07-16,31,496
2026-07-17,29,464
2026-07-20,36,576
2026-07-21,41,656
2026-07-22,44,704
2026-07-23,27,432
2026-07-24,37,592
2026-07-27,33,528
2026-07-28,43,688
2026-07-29,33,528
2026-07-30,33,528
2026-07-31,53,848
2026-08-03,48,768
2026-08-04,53,848
2026-08-05,55,880
2026-08-06,52,832
2026-08-07,48,768
2026-08-10,63,1008
2026-08-11,54,864
2026-08-12,40,640
2026-08-13,58,928
2026-08-14,46,736
2026-08-17,45,720
2026-08-18,43,688
2026-08-19,53,848
2026-08-20,46,736
2026-08-21,41,656
2026-08-24,42,672
2026-08-25,42,672
2026-08-26,52,832
2026-08-27,42,672
2026-08-28,40,640
2026-08-31,35,560
